{"is_source_file": true, "format": "Python", "description": "This is a FastAPI application defining an API server with CORS middleware and a health check endpoint.", "external_files": ["fastapi", "fastapi.middleware.cors"], "external_methods": ["FastAPI", "CORSMiddleware"], "published": ["app"], "classes": [], "methods": [{"name": "health_check()", "description": "A simple health check endpoint that returns a JSON message indicating the service is healthy.", "scope": "", "scopeKind": ""}], "calls": ["app.add_middleware", "CORSMiddleware", "app.get"], "search-terms": ["FastAPI", "health check", "CORS", "middleware", "main.py", "api server", "hotel backend"], "state": 2, "file_id": 4, "knowledge_revision": 9, "git_revision": "22ebe280f66d0a6f5be46d6506eaa6199dd1198f", "ctags": [{"_type": "tag", "name": "app", "path": "/home/kavia/workspace/code-generation/hotel-search-and-booking-platform-320145-320155/hotel_backend/src/api/main.py", "pattern": "/^app = FastAPI()$/", "language": "Python", "kind": "variable"}, {"_type": "tag", "name": "health_check", "path": "/home/kavia/workspace/code-generation/hotel-search-and-booking-platform-320145-320155/hotel_backend/src/api/main.py", "pattern": "/^def health_check():$/", "language": "Python", "kind": "function", "signature": "()"}], "hash": "58352bf5f133908bab16643199aa483d", "format-version": 4, "code-base-name": "hotel_backend", "filename": "hotel_backend/src/api/main.py", "fields": [{"name": "app = FastAPI()", "scope": "", "scopeKind": "", "description": "unavailable"}], "revision_history": [{"9": "22ebe280f66d0a6f5be46d6506eaa6199dd1198f"}]}